{"stats":{"minecraft:mined":{"minecraft:oak_log":2},"minecraft:custom":{"minecraft:jump":28,"minecraft:time_since_rest":10143,"minecraft:damage_taken":30,"minecraft:leave_game":2,"minecraft:time_since_death":10143,"minecraft:play_time":10143,"minecraft:sprint_one_cm":2646,"minecraft:walk_on_water_one_cm":3056,"minecraft:walk_one_cm":1407,"minecraft:sneak_time":1596,"minecraft:total_world_time":10143,"minecraft:walk_under_water_one_cm":4972,"minecraft:fall_one_cm":209,"minecraft:fly_one_cm":14202},"minecraft:used":{"minecraft:oak_planks":7},"minecraft:crafted":{"minecraft:oak_planks":8},"minecraft:picked_up":{"minecraft:oak_log":2}},"DataVersion":3465}