{"stats":{"minecraft:picked_up":{"minecraft:oak_log":2},"minecraft:custom":{"minecraft:jump":16,"minecraft:time_since_rest":745,"minecraft:leave_game":1,"minecraft:walk_on_water_one_cm":339,"minecraft:damage_taken":30,"minecraft:sprint_one_cm":2646,"minecraft:play_time":745,"minecraft:time_since_death":745,"minecraft:walk_one_cm":1338,"minecraft:total_world_time":745,"minecraft:walk_under_water_one_cm":587,"minecraft:fall_one_cm":209,"minecraft:fly_one_cm":3094},"minecraft:mined":{"minecraft:oak_log":2}},"DataVersion":3465}