{"stats":{"minecraft:custom":{"minecraft:jump":92,"minecraft:time_since_rest":21258,"minecraft:leave_game":1,"minecraft:damage_dealt":78,"minecraft:crouch_one_cm":636,"minecraft:sprint_one_cm":8411,"minecraft:play_time":21258,"minecraft:walk_on_water_one_cm":2289,"minecraft:time_since_death":21258,"minecraft:walk_one_cm":5713,"minecraft:sneak_time":438,"minecraft:total_world_time":21258,"minecraft:fly_one_cm":113466},"minecraft:picked_up":{"minecraft:oak_log":2},"minecraft:used":{"minecraft:sand":13}},"DataVersion":3465}