{"stats":{"minecraft:picked_up":{"minecraft:oak_log":3,"minecraft:sand":3},"minecraft:used":{"alexsmobs:animal_dictionary":1,"minecraft:sand":6,"minecraft:oak_log":3},"minecraft:mined":{"minecraft:oak_log":3,"biomesoplenty:maple_leaves":1,"minecraft:fern":1,"minecraft:sand":3},"minecraft:custom":{"minecraft:jump":33,"minecraft:time_since_rest":11370,"minecraft:damage_dealt":20,"minecraft:crouch_one_cm":272,"minecraft:leave_game":3,"minecraft:play_time":11370,"minecraft:sprint_one_cm":5618,"minecraft:time_since_death":11370,"minecraft:walk_on_water_one_cm":1987,"minecraft:walk_one_cm":12204,"minecraft:sneak_time":765,"minecraft:total_world_time":11370,"minecraft:walk_under_water_one_cm":12691,"minecraft:fall_one_cm":1256,"minecraft:fly_one_cm":242255}},"DataVersion":3465}