{"stats":{"minecraft:custom":{"minecraft:jump":33,"minecraft:time_since_rest":15049,"minecraft:damage_dealt":20,"minecraft:leave_game":3,"minecraft:time_since_death":15049,"minecraft:crouch_one_cm":272,"minecraft:play_time":15049,"minecraft:sprint_one_cm":5618,"minecraft:walk_on_water_one_cm":1987,"minecraft:walk_one_cm":12204,"minecraft:sneak_time":784,"minecraft:total_world_time":15049,"minecraft:walk_under_water_one_cm":12691,"minecraft:fly_one_cm":253006,"minecraft:fall_one_cm":1256},"minecraft:picked_up":{"minecraft:sand":3,"minecraft:oak_log":3},"minecraft:mined":{"minecraft:oak_log":3,"biomesoplenty:maple_leaves":1,"minecraft:sand":3,"minecraft:fern":1},"minecraft:used":{"minecraft:oak_log":3,"minecraft:sand":6,"alexsmobs:animal_dictionary":1}},"DataVersion":3465}