{"stats":{"minecraft:custom":{"minecraft:time_since_rest":27049,"minecraft:crouch_one_cm":418,"minecraft:sprint_one_cm":5979,"minecraft:play_time":27049,"minecraft:walk_one_cm":15546,"minecraft:sneak_time":1049,"minecraft:walk_under_water_one_cm":12833,"minecraft:drop":2,"minecraft:jump":46,"minecraft:damage_dealt":40,"minecraft:leave_game":3,"minecraft:walk_on_water_one_cm":4431,"minecraft:time_since_death":27049,"minecraft:total_world_time":27049,"minecraft:fall_one_cm":1256,"minecraft:fly_one_cm":277531},"minecraft:picked_up":{"minecraft:sand":3,"alexscaves:bioluminesscence":5,"minecraft:oak_log":3},"minecraft:dropped":{"minecraft:oak_log":2},"minecraft:mined":{"minecraft:oak_log":3,"minecraft:sand":3,"biomesoplenty:maple_leaves":1,"minecraft:fern":1},"minecraft:used":{"minecraft:oak_log":7,"alexscaves:gossamer_worm_bucket":3,"minecraft:sand":6,"alexscaves:submarine":2,"alexsmobs:animal_dictionary":1}},"DataVersion":3465}