{"stats":{"minecraft:custom":{"minecraft:time_since_rest":37242,"minecraft:crouch_one_cm":455,"minecraft:sprint_one_cm":5979,"minecraft:play_time":37242,"minecraft:walk_one_cm":15961,"minecraft:sneak_time":1360,"minecraft:walk_under_water_one_cm":14261,"minecraft:drop":2,"minecraft:jump":53,"minecraft:damage_dealt":40,"minecraft:leave_game":4,"minecraft:walk_on_water_one_cm":5156,"minecraft:time_since_death":37242,"minecraft:total_world_time":37242,"minecraft:fall_one_cm":1256,"minecraft:fly_one_cm":397391},"minecraft:picked_up":{"minecraft:tropical_fish_bucket":1,"minecraft:horn_coral_fan":1,"minecraft:kelp":1,"minecraft:bubble_coral":1,"minecraft:sand":3,"alexscaves:bioluminesscence":5,"minecraft:oak_log":3,"minecraft:fire_coral":1},"minecraft:dropped":{"minecraft:oak_log":2},"minecraft:mined":{"minecraft:oak_log":3,"minecraft:sand":3,"biomesoplenty:maple_leaves":1,"minecraft:fern":1},"minecraft:used":{"minecraft:oak_log":7,"alexscaves:gossamer_worm_bucket":3,"minecraft:sand":6,"alexscaves:submarine":2,"alexsmobs:animal_dictionary":1}},"DataVersion":3465}